{"cameraMode":{"drawMode":0,"name":"Shaded","section":"Shading Mode"},"sceneLighting":false,"audioPlay":false,"sceneViewState":{"showFog":true,"showMaterialUpdate":false,"showSkybox":true,"showFlares":true,"showImageEffects":true,"showParticleSystems":true},"in2DMode":false,"pivot":{"x":11.951354026794434,"y":2.460461139678955,"z":12.289824485778809},"rotation":{"x":-0.16871622204780579,"y":-0.7713400721549988,"z":0.2285006046295166,"w":-0.5695233941078186},"size":2.857896566390991,"orthographic":false}