{"cameraMode":{"drawMode":0,"name":"Shaded","section":"Shading Mode"},"sceneLighting":false,"audioPlay":false,"sceneViewState":{"showFog":true,"showMaterialUpdate":false,"showSkybox":true,"showFlares":true,"showImageEffects":true,"showParticleSystems":true},"in2DMode":false,"pivot":{"x":75.13404846191406,"y":-25.81668472290039,"z":-127.47798919677735},"rotation":{"x":-0.008870193734765053,"y":-0.9884968400001526,"z":0.06415528804063797,"w":-0.13667286932468415},"size":175.45700073242188,"orthographic":false}