{"cameraMode":{"drawMode":0,"name":"Shaded","section":"Shading Mode"},"sceneLighting":false,"audioPlay":false,"sceneViewState":{"showFog":true,"showMaterialUpdate":false,"showSkybox":true,"showFlares":true,"showImageEffects":true,"showParticleSystems":true},"in2DMode":false,"pivot":{"x":25.645843505859376,"y":1.0348119735717774,"z":48.66223907470703},"rotation":{"x":-0.041329093277454379,"y":0.7528734803199768,"z":-0.047494035214185718,"w":-0.655147135257721},"size":175.45700073242188,"orthographic":false}