{"cameraMode":{"drawMode":0,"name":"Shaded","section":"Shading Mode"},"sceneLighting":false,"audioPlay":false,"sceneViewState":{"showFog":true,"showMaterialUpdate":false,"showSkybox":true,"showFlares":true,"showImageEffects":true,"showParticleSystems":true},"in2DMode":false,"pivot":{"x":19.00924301147461,"y":1.7100000381469727,"z":49.64506149291992},"rotation":{"x":-0.008870193734765053,"y":-0.9884968400001526,"z":0.06415528804063797,"w":-0.13667286932468415},"size":154.89016723632813,"orthographic":false}