{"cameraMode":{"drawMode":0,"name":"Shaded","section":"Shading Mode"},"sceneLighting":true,"audioPlay":false,"sceneViewState":{"showFog":true,"showMaterialUpdate":false,"showSkybox":true,"showFlares":true,"showImageEffects":true,"showParticleSystems":true},"in2DMode":false,"pivot":{"x":56.75590515136719,"y":1.4599990844726563,"z":-2.126695156097412},"rotation":{"x":0.21113453805446626,"y":-0.16794967651367188,"z":0.036853715777397159,"w":0.9622145891189575},"size":5.501662254333496,"orthographic":false}