{"cameraMode":{"drawMode":0,"name":"Shaded","section":"Shading Mode"},"sceneLighting":false,"audioPlay":false,"sceneViewState":{"showFog":true,"showMaterialUpdate":false,"showSkybox":true,"showFlares":true,"showImageEffects":true,"showParticleSystems":true},"in2DMode":false,"pivot":{"x":42.03754425048828,"y":-6.860221862792969,"z":84.99577331542969},"rotation":{"x":-0.06903155893087387,"y":-0.08012254536151886,"z":0.005562474951148033,"w":-0.9943762421607971},"size":127.02339172363281,"orthographic":false}